,camera,warranty
0,"<div class=""_4rR01T"">SONY ZV-E10L Mirrorless Camera Body with 1650 mm Power Zoom Lens Vlog Camera</div>","<li class=""rgWa7D"">2 Year Warranty</li>"
1,"<div class=""_4rR01T"">SONY ZV-E10 Mirrorless Camera Body Only Vlog Camera</div>","<li class=""rgWa7D"">2 Year Warranty</li>"
2,"<div class=""_4rR01T"">SONY Alpha ILCE-6600M APS-C Mirrorless Camera with 18-135 mm Zoom Lens Featuring Eye AF and 4K movie r...</div>","<li class=""rgWa7D"">2 Year Warranty</li>"
3,"<div class=""_4rR01T"">SONY Alpha ILCE-6400M APS-C Mirrorless Camera with 18-135 mm Zoom Lens Featuring Eye AF and 4K movie r...</div>","<li class=""rgWa7D"">2 Year Warranty</li>"
4,"<div class=""_4rR01T"">SONY ZV-E10L Vlogger Kit Mirrorless Camera Body with 16-50mm Lens,Bluetooth&amp;Lavalier Mic,Shooting Grip...</div>","<li class=""rgWa7D"">2 Years Warranty</li>"
5,"<div class=""_4rR01T"">SONY Alpha ILCE-7SM3 Full Frame Mirrorless Camera Body Featuring Eye AF and 4K movie recording</div>","<li class=""rgWa7D"">2 Year Warranty</li>"
6,"<div class=""_4rR01T"">SONY Alpha ILCE-7C Full Frame Mirrorless Camera Body Featuring Eye AF and 4K movie recording</div>","<li class=""rgWa7D"">2 Year Warranty</li>"
7,"<div class=""_4rR01T"">SONY Alpha ILCE-6600 APS-C Mirrorless Camera Body Only Featuring Eye AF and 4K movie recording</div>","<li class=""rgWa7D"">2 Year Warranty</li>"
8,"<div class=""_4rR01T"">SONY Alpha ILCE-7CL Full Frame Mirrorless Camera with 28-60 mm Zoom LensFeaturing Eye AF and 4K movie ...</div>","<li class=""rgWa7D"">2 Year Warranty</li>"
9,"<div class=""_4rR01T"">SONY Alpha ILCE-7M4K Full Frame Mirrorless Camera with 28-70 mm Zoom LensFeaturing Eye AF and 4K movie...</div>","<li class=""rgWa7D"">2 Years Warranty</li>"
10,"<div class=""_4rR01T"">SONY Alpha ILCE-7RM3A Full Frame Mirrorless Camera Body Featuring Eye AF and 4K movie recording</div>","<li class=""rgWa7D"">2 Years Warranty</li>"
11,"<div class=""_4rR01T"">SONY Alpha ILCE-7C Full Frame Mirrorless Camera Body Featuring Eye AF and 4K movie recording</div>","<li class=""rgWa7D"">2 Year Warranty</li>"
12,"<div class=""_4rR01T"">SONY Alpha ILCE-7RM4 Full Frame Mirrorless Camera Body Featuring Eye AF and 4K movie recording</div>","<li class=""rgWa7D"">2 Years Warranty</li>"
